Run Title,Alternative,NPV,IRR,AVE_IRI,
T5Run1 Project Analysis,Reconstruction,560976.5,12.39999962,2.359999895,1
T5Run1 Project Analysis,Minimum Maintenance (B),0,-9999.990234,5.559999943,2
T5Run2 Project Analysis,Reconstruction,1141293.38,12.77999973,2.359999895,3
T5Run2 Project Analysis,Minimum Maintenance (B),0,-9999.990234,5.559999943,4
T5Run3 Project Analysis,Reconstruction,814332.13,12.56999969,2.359999895,5
T5Run3 Project Analysis,Minimum Maintenance (B),0,-9999.990234,5.559999943,6
T5Run4 Project Analysis,Reconstruction,1486802.38,12.98999977,2.359999895,7
T5Run4 Project Analysis,Minimum Maintenance (B),0,-9999.990234,5.559999943,8
T5Run5 Project Analysis,Reconstruction,578753.63,12.42000008,2.359999895,9
T5Run5 Project Analysis,Minimum Maintenance (B),0,-9999.990234,5.559999943,10
T5Run6 Project Analysis,Reconstruction,-562326,11.61999989,2.359999895,11
T5Run6 Project Analysis,Minimum Maintenance (B),0,-9999.990234,5.559999943,12
T5Run7 Project Analysis,Reconstruction,-2980362.5,9.729999542,2.359999895,13
T5Run7 Project Analysis,Minimum Maintenance (B),0,-9999.990234,5.559999943,14
T5Run8 Project Analysis,Reconstruction,76539408,33.63999939,2.380000114,15
T5Run8 Project Analysis,Minimum Maintenance (B),0,-9999.990234,6.090000153,16
T5Run9 Project Analysis,Reconstruction,78783272,34.15000153,2.380000114,17
T5Run9 Project Analysis,Minimum Maintenance (B),0,-9999.990234,6.090000153,18
T5Run10 Project Analysis,Reconstruction,77481720,33.88999939,2.380000114,19
T5Run10 Project Analysis,Minimum Maintenance (B),0,-9999.990234,6.090000153,20
T5Run11 Project Analysis,Reconstruction,79755536,34.54000092,2.380000114,21
T5Run11 Project Analysis,Minimum Maintenance (B),0,-9999.990234,6.090000153,22
T5Run12 Project Analysis,Reconstruction,74988048,33.77000046,2.380000114,23
T5Run12 Project Analysis,Minimum Maintenance (B),0,-9999.990234,6.090000153,24
T5Run13 Project Analysis,Reconstruction,68704408,32.97999954,2.380000114,25
T5Run13 Project Analysis,Minimum Maintenance (B),0,-9999.990234,6.090000153,26
T5Run14 Project Analysis,Reconstruction,56401844,30.85000038,2.380000114,27
T5Run14 Project Analysis,Minimum Maintenance (B),0,-9999.990234,6.090000153,28
T5Run15 Project Analysis,Reconstruction,197840096,43.43999863,2.460000038,29
T5Run15 Project Analysis,Minimum Maintenance (B),0,-9999.990234,5.900000095,30
T5Run16 Project Analysis,Reconstruction,201465168,43.93000031,2.460000038,31
T5Run16 Project Analysis,Minimum Maintenance (B),0,-9999.990234,5.900000095,32
T5Run17 Project Analysis,Reconstruction,199411856,43.70999908,2.460000038,33
T5Run17 Project Analysis,Minimum Maintenance (B),0,-9999.990234,5.900000095,34
T5Run18 Project Analysis,Reconstruction,201871840,44.29999924,2.460000038,35
T5Run18 Project Analysis,Minimum Maintenance (B),0,-9999.990234,5.900000095,36
T5Run19 Project Analysis,Reconstruction,189733472,43.47000122,2.460000038,37
T5Run19 Project Analysis,Minimum Maintenance (B),0,-9999.990234,5.900000095,38
T5Run20 Project Analysis,Reconstruction,176155616,42.74000168,2.460000038,39
T5Run20 Project Analysis,Minimum Maintenance (B),0,-9999.990234,5.900000095,40
T5Run21 Project Analysis,Reconstruction,147909088,40.61000061,2.460000038,41
T5Run21 Project Analysis,Minimum Maintenance (B),0,-9999.990234,5.909999847,42
T5Run22 Project Analysis,Reconstruction,1717610.88,13.13000011,2.359999895,43
T5Run22 Project Analysis,Minimum Maintenance (B),0,-9999.990234,5.679999828,44
T5Run23 Project Analysis,Reconstruction,2307964,13.52000046,2.359999895,45
T5Run23 Project Analysis,Minimum Maintenance (B),0,-9999.990234,5.679999828,46
T5Run24 Project Analysis,Reconstruction,1971280,13.30000019,2.359999895,47
T5Run24 Project Analysis,Minimum Maintenance (B),0,-9999.990234,5.679999828,48
T5Run25 Project Analysis,Reconstruction,2641753.25,13.72999954,2.359999895,49
T5Run25 Project Analysis,Minimum Maintenance (B),0,-9999.990234,5.690000057,50
T5Run26 Project Analysis,Reconstruction,1666661.5,13.10999966,2.359999895,51
T5Run26 Project Analysis,Minimum Maintenance (B),0,-9999.990234,5.690000057,52
T5Run27 Project Analysis,Reconstruction,434162.75,12.31999969,2.359999895,53
T5Run27 Project Analysis,Minimum Maintenance (B),0,-9999.990234,5.690000057,54
T5Run28 Project Analysis,Reconstruction,-2151335,10.40999985,2.359999895,55
T5Run28 Project Analysis,Minimum Maintenance (B),0,-9999.990234,5.690000057,56
T5Run29 Project Analysis,Reconstruction,88743288,36.88999939,2.390000105,57
T5Run29 Project Analysis,Minimum Maintenance (B),0,-9999.990234,6.380000114,58
T5Run30 Project Analysis,Reconstruction,91152512,37.52000046,2.390000105,59
T5Run30 Project Analysis,Minimum Maintenance (B),0,-9999.990234,6.380000114,60
T5Run31 Project Analysis,Reconstruction,89756856,37.20999908,2.390000105,61
T5Run31 Project Analysis,Minimum Maintenance (B),0,-9999.990234,6.380000114,62
T5Run32 Project Analysis,Reconstruction,92114680,37.95999908,2.390000105,63
T5Run32 Project Analysis,Minimum Maintenance (B),0,-9999.990234,6.380000114,64
T5Run33 Project Analysis,Reconstruction,86499640,37.04999924,2.390000105,65
T5Run33 Project Analysis,Minimum Maintenance (B),0,-9999.990234,6.380000114,66
T5Run34 Project Analysis,Reconstruction,79571848,36.25,2.390000105,67
T5Run34 Project Analysis,Minimum Maintenance (B),0,-9999.990234,6.380000114,68
T5Run35 Project Analysis,Reconstruction,65604580,33.84000015,2.390000105,69
T5Run35 Project Analysis,Minimum Maintenance (B),0,-9999.990234,6.380000114,70
T5Run36 Project Analysis,Reconstruction,272915520,62.18999863,2.480000019,71
T5Run36 Project Analysis,Minimum Maintenance (B),0,-9999.990234,6.619999886,72
T5Run37 Project Analysis,Reconstruction,277727232,63.43999863,2.480000019,73
T5Run37 Project Analysis,Minimum Maintenance (B),0,-9999.990234,6.619999886,74
T5Run38 Project Analysis,Reconstruction,275214368,62.88000107,2.480000019,75
T5Run38 Project Analysis,Minimum Maintenance (B),0,-9999.990234,6.619999886,76
T5Run39 Project Analysis,Reconstruction,278382752,64.43000031,2.480000019,77
T5Run39 Project Analysis,Minimum Maintenance (B),0,-9999.990234,6.619999886,78
T5Run40 Project Analysis,Reconstruction,261294288,62.52999878,2.480000019,79
T5Run40 Project Analysis,Minimum Maintenance (B),0,-9999.990234,6.619999886,80
T5Run41 Project Analysis,Reconstruction,244328272,61.81999969,2.480000019,81
T5Run41 Project Analysis,Minimum Maintenance (B),0,-9999.990234,6.619999886,82
T5Run42 Project Analysis,Reconstruction,206146176,57.81000137,2.480000019,83
T5Run42 Project Analysis,Minimum Maintenance (B),0,-9999.990234,6.619999886,84
T5Run43 Project Analysis,Reconstruction,53718480,40.84000015,2.920000076,85
T5Run43 Project Analysis,Minimum Maintenance (B),0,-9999.990234,9.989999771,86
T5Run44 Project Analysis,Reconstruction,54681488,41.84999847,2.920000076,87
T5Run44 Project Analysis,Minimum Maintenance (B),0,-9999.990234,9.989999771,88
T5Run45 Project Analysis,Reconstruction,54055264,41.29000092,2.920000076,89
T5Run45 Project Analysis,Minimum Maintenance (B),0,-9999.990234,9.989999771,90
T5Run46 Project Analysis,Reconstruction,54426344,42.61999893,2.920000076,91
T5Run46 Project Analysis,Minimum Maintenance (B),0,-9999.990234,9.989999771,92
T5Run47 Project Analysis,Reconstruction,50073552,41.27999878,2.920000076,93
T5Run47 Project Analysis,Minimum Maintenance (B),0,-9999.990234,9.989999771,94
T5Run48 Project Analysis,Reconstruction,45136824,39.24000168,2.920000076,95
T5Run48 Project Analysis,Minimum Maintenance (B),0,-9999.990234,9.989999771,96
T5Run49 Project Analysis,Reconstruction,35225148,35.02000046,2.920000076,97
T5Run49 Project Analysis,Minimum Maintenance (B),0,-9999.990234,9.989999771,98
T5Run50 Project Analysis,Reconstruction,478017024,194.6199951,3.019999981,99
T5Run50 Project Analysis,Minimum Maintenance (B),0,-9999.990234,12.23999977,100
T5Run51 Project Analysis,Reconstruction,477605408,200.0899963,3.019999981,101
T5Run51 Project Analysis,Minimum Maintenance (B),0,-9999.990234,12.23999977,102
T5Run52 Project Analysis,Reconstruction,477644544,196.5399933,3.019999981,103
T5Run52 Project Analysis,Minimum Maintenance (B),0,-9999.990234,12.23999977,104
T5Run53 Project Analysis,Reconstruction,467149408,203.3699951,3.019999981,105
T5Run53 Project Analysis,Minimum Maintenance (B),0,-9999.990234,12.23999977,106
T5Run54 Project Analysis,Reconstruction,429461984,197.2299957,3.019999981,107
T5Run54 Project Analysis,Minimum Maintenance (B),0,-9999.990234,12.25,108
T5Run55 Project Analysis,Reconstruction,398590144,184.8099976,3.019999981,109
T5Run55 Project Analysis,Minimum Maintenance (B),0,-9999.990234,12.25,110
T5Run56 Project Analysis,Reconstruction,326474816,164.4600067,3.019999981,111
T5Run56 Project Analysis,Minimum Maintenance (B),0,-9999.990234,12.25,112
T5Run57 Project Analysis,Reconstruction,1243198080,426.3299866,3.119999886,113
T5Run57 Project Analysis,Minimum Maintenance (B),0,-9999.990234,12.32999992,114
T5Run58 Project Analysis,Reconstruction,1241650816,442.4200134,3.119999886,115
T5Run58 Project Analysis,Minimum Maintenance (B),0,-9999.990234,12.32999992,116
T5Run59 Project Analysis,Reconstruction,1242093056,432.3699951,3.119999886,117
T5Run59 Project Analysis,Minimum Maintenance (B),0,-9999.990234,12.32999992,118
T5Run60 Project Analysis,Reconstruction,1213920640,453.9100037,3.119999886,119
T5Run60 Project Analysis,Minimum Maintenance (B),0,-9999.990234,12.32999992,120
T5Run61 Project Analysis,Reconstruction,1118019840,441.0700073,3.119999886,121
T5Run61 Project Analysis,Minimum Maintenance (B),0,-9999.990234,12.32999992,122
T5Run62 Project Analysis,Reconstruction,1040434496,412.2399902,3.119999886,123
T5Run62 Project Analysis,Minimum Maintenance (B),0,-9999.990234,12.32999992,124
T5Run63 Project Analysis,Reconstruction,856617472,366.5899963,3.119999886,125
T5Run63 Project Analysis,Minimum Maintenance (B),0,-9999.990234,12.32999992,126
T5Run64 Project Analysis,Reconstruction,107323336,80.73999786,3.529999971,127
T5Run64 Project Analysis,Minimum Maintenance (B),0,-9999.990234,12.77999973,128
T5Run65 Project Analysis,Reconstruction,107224240,81.66000366,3.529999971,129
T5Run65 Project Analysis,Minimum Maintenance (B),0,-9999.990234,12.77999973,130
T5Run66 Project Analysis,Reconstruction,107165320,80.84999847,3.529999971,131
T5Run66 Project Analysis,Minimum Maintenance (B),0,-9999.990234,12.77999973,132
T5Run67 Project Analysis,Reconstruction,104535864,81.13999939,3.529999971,133
T5Run67 Project Analysis,Minimum Maintenance (B),0,-9999.990234,12.77999973,134
T5Run68 Project Analysis,Minimum Maintenance (B),0,-9999.990234,12.77999973,135
T5Run68 Project Analysis,Reseal,53510408,51.63000107,9.020000458,136
T5Run69 Project Analysis,Reconstruction,87026504,71.69999695,3.529999971,137
T5Run69 Project Analysis,Minimum Maintenance (B),0,-9999.990234,12.77999973,138
T5Run70 Project Analysis,Reconstruction,68720440,62.04999924,3.529999971,139
T5Run70 Project Analysis,Minimum Maintenance (B),0,-9999.990234,12.77999973,140
T5Run71 Project Analysis,Reconstruction,650514176,624.7800293,3.980000019,141
T5Run71 Project Analysis,Minimum Maintenance (B),0,-9999.990234,14.31000042,142
T5Run72 Project Analysis,Reconstruction,645774208,623.1199951,3.980000019,143
T5Run72 Project Analysis,Minimum Maintenance (B),0,-9999.990234,14.31000042,144
T5Run73 Project Analysis,Reconstruction,648866624,623.6900024,3.980000019,145
T5Run73 Project Analysis,Minimum Maintenance (B),0,-9999.990234,14.31000042,146
T5Run74 Project Analysis,Reconstruction,627195648,609.9299927,3.980000019,147
T5Run74 Project Analysis,Minimum Maintenance (B),0,-9999.990234,14.31000042,148
T5Run75 Project Analysis,Reconstruction,570335232,555.6799927,3.980000019,149
T5Run75 Project Analysis,Minimum Maintenance (B),0,-9999.990234,14.31000042,150
T5Run76 Project Analysis,Reconstruction,533158080,521.710022,3.980000019,151
T5Run76 Project Analysis,Minimum Maintenance (B),0,-9999.990234,14.31000042,152
T5Run77 Project Analysis,Reconstruction,433627264,432.1199951,3.980000019,153
T5Run77 Project Analysis,Minimum Maintenance (B),0,-9999.990234,14.31999969,154
T5Run78 Project Analysis,Reconstruction,1675697664,-9999.990234,4.960000038,155
T5Run78 Project Analysis,Minimum Maintenance (B),0,-9999.990234,15.27000046,156
T5Run79 Project Analysis,Reconstruction,1662413824,-9999.990234,4.960000038,157
T5Run79 Project Analysis,Minimum Maintenance (B),0,-9999.990234,15.27000046,158
T5Run80 Project Analysis,Reconstruction,1671304832,-9999.990234,4.960000038,159
T5Run80 Project Analysis,Minimum Maintenance (B),0,-9999.990234,15.27000046,160
T5Run81 Project Analysis,Reconstruction,1613586560,-9999.990234,4.96999979,161
T5Run81 Project Analysis,Minimum Maintenance (B),0,-9999.990234,15.27000046,162
T5Run82 Project Analysis,Reconstruction,1470469760,-9999.990234,4.96999979,163
T5Run82 Project Analysis,Minimum Maintenance (B),0,-9999.990234,15.27000046,164
T5Run83 Project Analysis,Reconstruction,1376045312,-9999.990234,4.96999979,165
T5Run83 Project Analysis,Minimum Maintenance (B),0,-9999.990234,15.27000046,166
T5Run84 Project Analysis,Reconstruction,1122907008,-9999.990234,4.96999979,167
T5Run84 Project Analysis,Minimum Maintenance (B),0,-9999.990234,15.27000046,168
T5Run85 Project Analysis,Reconstruction,130946848,115.3300018,4.03000021,169
T5Run85 Project Analysis,Minimum Maintenance (B),0,-9999.990234,13.94999981,170
T5Run86 Project Analysis,Reconstruction,130276448,115.6100006,4.03000021,171
T5Run86 Project Analysis,Minimum Maintenance (B),0,-9999.990234,13.96000004,172
T5Run87 Project Analysis,Reconstruction,130636328,115.2200012,4.03000021,173
T5Run87 Project Analysis,Minimum Maintenance (B),0,-9999.990234,13.96000004,174
T5Run88 Project Analysis,Reconstruction,126543416,113.7799988,4.03000021,175
T5Run88 Project Analysis,Minimum Maintenance (B),0,-9999.990234,13.96000004,176
T5Run89 Project Analysis,Reconstruction,114507640,106.6600037,4.03000021,177
T5Run89 Project Analysis,Minimum Maintenance (B),0,-9999.990234,13.96000004,178
T5Run90 Project Analysis,Reconstruction,105685784,99.09999847,4.03000021,179
T5Run90 Project Analysis,Minimum Maintenance (B),0,-9999.990234,13.96000004,180
T5Run91 Project Analysis,Reconstruction,83460424,83.19000244,4.039999962,181
T5Run91 Project Analysis,Minimum Maintenance (B),0,-9999.990234,13.96000004,182
T5Run92 Project Analysis,Reconstruction,658534400,679.6099854,4.360000134,183
T5Run92 Project Analysis,Minimum Maintenance (B),0,-9999.990234,14.73999977,184
T5Run93 Project Analysis,Reconstruction,653299840,674.5599976,4.360000134,185
T5Run93 Project Analysis,Minimum Maintenance (B),0,-9999.990234,14.73999977,186
T5Run94 Project Analysis,Reconstruction,656803776,677.9500122,4.360000134,187
T5Run94 Project Analysis,Minimum Maintenance (B),0,-9999.990234,14.73999977,188
T5Run95 Project Analysis,Reconstruction,633830528,655.1500244,4.360000134,189
T5Run95 Project Analysis,Minimum Maintenance (B),0,-9999.990234,14.73999977,190
T5Run96 Project Analysis,Reconstruction,576539328,597.3800049,4.360000134,191
T5Run96 Project Analysis,Minimum Maintenance (B),0,-9999.990234,14.73999977,192
T5Run97 Project Analysis,Reconstruction,538916800,560.039978,4.360000134,193
T5Run97 Project Analysis,Minimum Maintenance (B),0,-9999.990234,14.73999977,194
T5Run98 Project Analysis,Reconstruction,437749056,458.6700134,4.360000134,195
T5Run98 Project Analysis,Minimum Maintenance (B),0,-9999.990234,14.73999977,196
T5Run99 Project Analysis,Reconstruction,1675694720,-9999.990234,4.880000114,197
T5Run99 Project Analysis,Minimum Maintenance (B),0,-9999.990234,15.18000031,198
T5Run100 Project Analysis,Reconstruction,1662410624,-9999.990234,4.880000114,199
T5Run100 Project Analysis,Minimum Maintenance (B),0,-9999.990234,15.18000031,200
T5Run101 Project Analysis,Reconstruction,1671301632,-9999.990234,4.880000114,201
T5Run101 Project Analysis,Minimum Maintenance (B),0,-9999.990234,15.18000031,202
T5Run102 Project Analysis,Reconstruction,1613583488,-9999.990234,4.880000114,203
T5Run102 Project Analysis,Minimum Maintenance (B),0,-9999.990234,15.18999958,204
T5Run103 Project Analysis,Reconstruction,1470466816,-9999.990234,4.880000114,205
T5Run103 Project Analysis,Minimum Maintenance (B),0,-9999.990234,15.18999958,206
T5Run104 Project Analysis,Reconstruction,1376042496,-9999.990234,4.880000114,207
T5Run104 Project Analysis,Minimum Maintenance (B),0,-9999.990234,15.18999958,208
T5Run105 Project Analysis,Reconstruction,1122904064,-9999.990234,4.880000114,209
T5Run105 Project Analysis,Minimum Maintenance (B),0,-9999.990234,15.18999958,210
T5Run106 Project Analysis,Reconstruction,6172061,15.56000042,2.359999895,211
T5Run106 Project Analysis,Minimum Maintenance (B),0,-9999.990234,5.789999962,212
T5Run107 Project Analysis,Reconstruction,6817578,15.89000034,2.359999895,213
T5Run107 Project Analysis,Minimum Maintenance (B),0,-9999.990234,5.789999962,214
T5Run108 Project Analysis,Reconstruction,6446563,15.71000004,2.359999895,215
T5Run108 Project Analysis,Minimum Maintenance (B),0,-9999.990234,5.789999962,216
T5Run109 Project Analysis,Reconstruction,7135299,16.07999992,2.359999895,217
T5Run109 Project Analysis,Minimum Maintenance (B),0,-9999.990234,5.789999962,218
T5Run110 Project Analysis,Reconstruction,5880210,15.46000004,2.359999895,219
T5Run110 Project Analysis,Minimum Maintenance (B),0,-9999.990234,5.789999962,220
T5Run111 Project Analysis,Reconstruction,4374758,14.68999958,2.359999895,221
T5Run111 Project Analysis,Minimum Maintenance (B),0,-9999.990234,5.789999962,222
T5Run112 Project Analysis,Reconstruction,1152866.13,12.77999973,2.359999895,223
T5Run112 Project Analysis,Minimum Maintenance (B),0,-9999.990234,5.789999962,224
T5Run113 Project Analysis,Reconstruction,119219920,38.70000076,2.380000114,225
T5Run113 Project Analysis,Minimum Maintenance (B),0,-9999.990234,6.619999886,226
T5Run114 Project Analysis,Reconstruction,121544824,39.20999908,2.380000114,227
T5Run114 Project Analysis,Minimum Maintenance (B),0,-9999.990234,6.619999886,228
T5Run115 Project Analysis,Reconstruction,120188832,38.93999863,2.380000114,229
T5Run115 Project Analysis,Minimum Maintenance (B),0,-9999.990234,6.619999886,230
T5Run116 Project Analysis,Reconstruction,121843256,39.56999969,2.380000114,231
T5Run116 Project Analysis,Minimum Maintenance (B),0,-9999.990234,6.619999886,232
T5Run117 Project Analysis,Reconstruction,113933936,38.72000122,2.380000114,233
T5Run117 Project Analysis,Minimum Maintenance (B),0,-9999.990234,6.619999886,234
T5Run118 Project Analysis,Reconstruction,105003568,37.86999893,2.380000114,235
T5Run118 Project Analysis,Minimum Maintenance (B),0,-9999.990234,6.619999886,236
T5Run119 Project Analysis,Reconstruction,86609288,35.56999969,2.380000114,237
T5Run119 Project Analysis,Minimum Maintenance (B),0,-9999.990234,6.619999886,238
T5Run120 Project Analysis,Reconstruction,270079584,46.88000107,2.480000019,239
T5Run120 Project Analysis,Minimum Maintenance (B),0,-9999.990234,6.179999828,240
T5Run121 Project Analysis,Reconstruction,273644384,47.36000061,2.480000019,241
T5Run121 Project Analysis,Minimum Maintenance (B),0,-9999.990234,6.179999828,242
T5Run122 Project Analysis,Reconstruction,271630400,47.13000107,2.480000019,243
T5Run122 Project Analysis,Minimum Maintenance (B),0,-9999.990234,6.179999828,244
T5Run123 Project Analysis,Reconstruction,272488672,47.68000031,2.480000019,245
T5Run123 Project Analysis,Minimum Maintenance (B),0,-9999.990234,6.179999828,246
T5Run124 Project Analysis,Reconstruction,254749440,46.79000092,2.480000019,247
T5Run124 Project Analysis,Minimum Maintenance (B),0,-9999.990234,6.179999828,248
T5Run125 Project Analysis,Reconstruction,237128464,46.04000092,2.480000019,249
T5Run125 Project Analysis,Minimum Maintenance (B),0,-9999.990234,6.179999828,250
T5Run126 Project Analysis,Reconstruction,198401936,43.81999969,2.480000019,251
T5Run126 Project Analysis,Minimum Maintenance (B),0,-9999.990234,6.179999828,252
T5Run127 Project Analysis,Reconstruction,6560543,15.73999977,2.359999895,253
T5Run127 Project Analysis,Minimum Maintenance (B),0,-9999.990234,5.820000172,254
T5Run128 Project Analysis,Reconstruction,7208197,16.06999969,2.359999895,255
T5Run128 Project Analysis,Minimum Maintenance (B),0,-9999.990234,5.820000172,256
T5Run129 Project Analysis,Reconstruction,6835710,15.89000034,2.359999895,257
T5Run129 Project Analysis,Minimum Maintenance (B),0,-9999.990234,5.820000172,258
T5Run130 Project Analysis,Reconstruction,7521876,16.27000046,2.359999895,259
T5Run130 Project Analysis,Minimum Maintenance (B),0,-9999.990234,5.820000172,260
T5Run131 Project Analysis,Reconstruction,6238305.5,15.64000034,2.359999895,261
T5Run131 Project Analysis,Minimum Maintenance (B),0,-9999.990234,5.820000172,262
T5Run132 Project Analysis,Reconstruction,4706476.5,14.85999966,2.359999895,263
T5Run132 Project Analysis,Minimum Maintenance (B),0,-9999.990234,5.820000172,264
T5Run133 Project Analysis,Reconstruction,1430708.13,12.94999981,2.359999895,265
T5Run133 Project Analysis,Minimum Maintenance (B),0,-9999.990234,5.820000172,266
T5Run134 Project Analysis,Reconstruction,122915368,40.68000031,2.390000105,267
T5Run134 Project Analysis,Minimum Maintenance (B),0,-9999.990234,6.690000057,268
T5Run135 Project Analysis,Reconstruction,125355968,41.27999878,2.390000105,269
T5Run135 Project Analysis,Minimum Maintenance (B),0,-9999.990234,6.690000057,270
T5Run136 Project Analysis,Reconstruction,123945776,40.97000122,2.390000105,271
T5Run136 Project Analysis,Minimum Maintenance (B),0,-9999.990234,6.690000057,272
T5Run137 Project Analysis,Reconstruction,125721256,41.70000076,2.390000105,273
T5Run137 Project Analysis,Minimum Maintenance (B),0,-9999.990234,6.690000057,274
T5Run138 Project Analysis,Reconstruction,117577656,40.72999954,2.390000105,275
T5Run138 Project Analysis,Minimum Maintenance (B),0,-9999.990234,6.690000057,276
T5Run139 Project Analysis,Reconstruction,108586320,39.88999939,2.390000105,277
T5Run139 Project Analysis,Minimum Maintenance (B),0,-9999.990234,6.690000057,278
T5Run140 Project Analysis,Reconstruction,89752288,37.36000061,2.390000105,279
T5Run140 Project Analysis,Minimum Maintenance (B),0,-9999.990234,6.690000057,280
T5Run141 Project Analysis,Reconstruction,358775968,67.87999725,2.5,281
T5Run141 Project Analysis,Minimum Maintenance (B),0,-9999.990234,6.900000095,282
T5Run142 Project Analysis,Reconstruction,363655552,69.22000122,2.5,283
T5Run142 Project Analysis,Minimum Maintenance (B),0,-9999.990234,6.900000095,284
T5Run143 Project Analysis,Reconstruction,361197248,68.63999939,2.5,285
T5Run143 Project Analysis,Minimum Maintenance (B),0,-9999.990234,6.900000095,286
T5Run144 Project Analysis,Reconstruction,363024800,70.30999756,2.5,287
T5Run144 Project Analysis,Minimum Maintenance (B),0,-9999.990234,6.900000095,288
T5Run145 Project Analysis,Reconstruction,339366080,68.20999908,2.5,289
T5Run145 Project Analysis,Minimum Maintenance (B),0,-9999.990234,6.900000095,290
T5Run146 Project Analysis,Reconstruction,317470496,67.48000336,2.5,291
T5Run146 Project Analysis,Minimum Maintenance (B),0,-9999.990234,6.900000095,292
T5Run147 Project Analysis,Reconstruction,267191856,63.11999893,2.5,293
T5Run147 Project Analysis,Minimum Maintenance (B),0,-9999.990234,6.900000095,294
T5Run148 Project Analysis,Reconstruction,66432872,44.36000061,2.930000067,295
T5Run148 Project Analysis,Minimum Maintenance (B),0,-9999.990234,10.13000011,296
T5Run149 Project Analysis,Reconstruction,67418928,45.41999817,2.930000067,297
T5Run149 Project Analysis,Minimum Maintenance (B),0,-9999.990234,10.13000011,298
T5Run150 Project Analysis,Reconstruction,66765024,44.81999969,2.930000067,299
T5Run150 Project Analysis,Minimum Maintenance (B),0,-9999.990234,10.13000011,300
T5Run151 Project Analysis,Reconstruction,66887892,46.20999908,2.930000067,301
T5Run151 Project Analysis,Minimum Maintenance (B),0,-9999.990234,10.13000011,302
T5Run152 Project Analysis,Reconstruction,61609312,44.79999924,2.930000067,303
T5Run152 Project Analysis,Minimum Maintenance (B),0,-9999.990234,10.13000011,304
T5Run153 Project Analysis,Reconstruction,55870128,42.68000031,2.930000067,305
T5Run153 Project Analysis,Minimum Maintenance (B),0,-9999.990234,10.13000011,306
T5Run154 Project Analysis,Reconstruction,44085240,38.27000046,2.930000067,307
T5Run154 Project Analysis,Minimum Maintenance (B),0,-9999.990234,10.13000011,308
T5Run155 Project Analysis,Reconstruction,550123072,210.7599945,3.029999971,309
T5Run155 Project Analysis,Minimum Maintenance (B),0,-9999.990234,12.31999969,310
T5Run156 Project Analysis,Reconstruction,549264896,216.5299988,3.029999971,311
T5Run156 Project Analysis,Minimum Maintenance (B),0,-9999.990234,12.31999969,312
T5Run157 Project Analysis,Reconstruction,549571392,212.7299957,3.029999971,313
T5Run157 Project Analysis,Minimum Maintenance (B),0,-9999.990234,12.31999969,314
T5Run158 Project Analysis,Reconstruction,536566016,219.7899933,3.029999971,315
T5Run158 Project Analysis,Minimum Maintenance (B),0,-9999.990234,12.31999969,316
T5Run159 Project Analysis,Reconstruction,492964640,213.0700073,3.029999971,317
T5Run159 Project Analysis,Minimum Maintenance (B),0,-9999.990234,12.31999969,318
T5Run160 Project Analysis,Reconstruction,458243616,199.5,3.029999971,319
T5Run160 Project Analysis,Minimum Maintenance (B),0,-9999.990234,12.31999969,320
T5Run161 Project Analysis,Reconstruction,375107296,177.3899994,3.029999971,321
T5Run161 Project Analysis,Minimum Maintenance (B),0,-9999.990234,12.32999992,322
T5Run162 Project Analysis,Reconstruction,1426852736,464.2200012,3.140000105,323
T5Run162 Project Analysis,Minimum Maintenance (B),0,-9999.990234,12.40999985,324
T5Run163 Project Analysis,Reconstruction,1423581952,481.2099915,3.140000105,325
T5Run163 Project Analysis,Minimum Maintenance (B),0,-9999.990234,12.40999985,326
T5Run164 Project Analysis,Reconstruction,1425280384,470.3699951,3.140000105,327
T5Run164 Project Analysis,Minimum Maintenance (B),0,-9999.990234,12.40999985,328
T5Run165 Project Analysis,Reconstruction,1390734464,492.75,3.140000105,329
T5Run165 Project Analysis,Minimum Maintenance (B),0,-9999.990234,12.40999985,330
T5Run166 Project Analysis,Reconstruction,1279531264,478.7000122,3.140000105,331
T5Run166 Project Analysis,Minimum Maintenance (B),0,-9999.990234,12.40999985,332
T5Run167 Project Analysis,Reconstruction,1191067648,446.4400024,3.140000105,333
T5Run167 Project Analysis,Minimum Maintenance (B),0,-9999.990234,12.40999985,334
T5Run168 Project Analysis,Reconstruction,980359552,396.6199951,3.140000105,335
T5Run168 Project Analysis,Minimum Maintenance (B),0,-9999.990234,12.40999985,336
T5Run169 Project Analysis,Reconstruction,124107392,86.36000061,3.529999971,337
T5Run169 Project Analysis,Minimum Maintenance (B),0,-9999.990234,12.82999992,338
T5Run170 Project Analysis,Reconstruction,123924936,87.31999969,3.529999971,339
T5Run170 Project Analysis,Minimum Maintenance (B),0,-9999.990234,12.82999992,340
T5Run171 Project Analysis,Reconstruction,123907632,86.48000336,3.529999971,341
T5Run171 Project Analysis,Minimum Maintenance (B),0,-9999.990234,12.82999992,342
T5Run172 Project Analysis,Reconstruction,120804480,86.76000214,3.529999971,343
T5Run172 Project Analysis,Minimum Maintenance (B),0,-9999.990234,12.82999992,344
T5Run173 Project Analysis,Reconstruction,110196320,83.22000122,3.529999971,345
T5Run173 Project Analysis,Minimum Maintenance (B),0,-9999.990234,12.82999992,346
T5Run174 Project Analysis,Reconstruction,100911120,76.76999664,3.529999971,347
T5Run174 Project Analysis,Minimum Maintenance (B),0,-9999.990234,12.82999992,348
T5Run175 Project Analysis,Reconstruction,80122176,66.58999634,3.529999971,349
T5Run175 Project Analysis,Minimum Maintenance (B),0,-9999.990234,12.82999992,350
T5Run176 Project Analysis,Reconstruction,724140608,663.6599731,3.99000001,351
T5Run176 Project Analysis,Minimum Maintenance (B),0,-9999.990234,14.32999992,352
T5Run177 Project Analysis,Reconstruction,718844032,661.8599854,3.99000001,353
T5Run177 Project Analysis,Minimum Maintenance (B),0,-9999.990234,14.32999992,354
T5Run178 Project Analysis,Reconstruction,722306432,662.5100098,3.99000001,355
T5Run178 Project Analysis,Minimum Maintenance (B),0,-9999.990234,14.32999992,356
T5Run179 Project Analysis,Reconstruction,698050688,646.9699707,3.99000001,357
T5Run179 Project Analysis,Minimum Maintenance (B),0,-9999.990234,14.32999992,358
T5Run180 Project Analysis,Reconstruction,635011840,589.7399902,3.99000001,359
T5Run180 Project Analysis,Minimum Maintenance (B),0,-9999.990234,14.32999992,360
T5Run181 Project Analysis,Reconstruction,593766336,553.8599854,3.99000001,361
T5Run181 Project Analysis,Minimum Maintenance (B),0,-9999.990234,14.32999992,362
T5Run182 Project Analysis,Reconstruction,483184768,458.2600098,4,363
T5Run182 Project Analysis,Minimum Maintenance (B),0,-9999.990234,14.32999992,364
T5Run183 Project Analysis,Reconstruction,1858164992,-9999.990234,4.980000019,365
T5Run183 Project Analysis,Minimum Maintenance (B),0,-9999.990234,15.27999973,366
T5Run184 Project Analysis,Reconstruction,1843417216,-9999.990234,4.980000019,367
T5Run184 Project Analysis,Minimum Maintenance (B),0,-9999.990234,15.27999973,368
T5Run185 Project Analysis,Reconstruction,1853288448,-9999.990234,4.980000019,369
T5Run185 Project Analysis,Minimum Maintenance (B),0,-9999.990234,15.27999973,370
T5Run186 Project Analysis,Reconstruction,1789309312,-9999.990234,4.980000019,371
T5Run186 Project Analysis,Minimum Maintenance (B),0,-9999.990234,15.27999973,372
T5Run187 Project Analysis,Reconstruction,1630810368,-9999.990234,4.980000019,373
T5Run187 Project Analysis,Minimum Maintenance (B),0,-9999.990234,15.27999973,374
T5Run188 Project Analysis,Minimum Maintenance (B),0,-9999.990234,15.27999973,375
T5Run188 Project Analysis,Reseal,1143651200,-9999.990234,11.90999985,376
T5Run189 Project Analysis,Reconstruction,1245838848,-9999.990234,4.980000019,377
T5Run189 Project Analysis,Minimum Maintenance (B),0,-9999.990234,15.27999973,378
T5Run190 Project Analysis,Reconstruction,148740880,122.7300034,4.039999962,379
T5Run190 Project Analysis,Minimum Maintenance (B),0,-9999.990234,13.97999954,380
T5Run191 Project Analysis,Reconstruction,147958656,123.0100021,4.039999962,381
T5Run191 Project Analysis,Minimum Maintenance (B),0,-9999.990234,13.97999954,382
T5Run192 Project Analysis,Reconstruction,148388928,122.6100006,4.039999962,383
T5Run192 Project Analysis,Minimum Maintenance (B),0,-9999.990234,13.97999954,384
T5Run193 Project Analysis,Reconstruction,143717056,121.0599976,4.039999962,385
T5Run193 Project Analysis,Minimum Maintenance (B),0,-9999.990234,13.97999954,386
T5Run194 Project Analysis,Reconstruction,130195672,113.5199966,4.039999962,387
T5Run194 Project Analysis,Minimum Maintenance (B),0,-9999.990234,13.97999954,388
T5Run195 Project Analysis,Reconstruction,120394144,105.5800018,4.039999962,389
T5Run195 Project Analysis,Minimum Maintenance (B),0,-9999.990234,13.97999954,390
T5Run196 Project Analysis,Reconstruction,95479640,88.76000214,4.039999962,391
T5Run196 Project Analysis,Minimum Maintenance (B),0,-9999.990234,13.97999954,392
T5Run197 Project Analysis,Reconstruction,732136768,718.7399902,4.380000114,393
T5Run197 Project Analysis,Minimum Maintenance (B),0,-9999.990234,14.75,394
T5Run198 Project Analysis,Reconstruction,726330496,713.4199829,4.380000114,395
T5Run198 Project Analysis,Minimum Maintenance (B),0,-9999.990234,14.75,396
T5Run199 Project Analysis,Reconstruction,730214784,716.9699707,4.380000114,397
T5Run199 Project Analysis,Minimum Maintenance (B),0,-9999.990234,14.75,398
T5Run200 Project Analysis,Reconstruction,704744896,692.9299927,4.380000114,399
T5Run200 Project Analysis,Minimum Maintenance (B),0,-9999.990234,14.75,400
T5Run201 Project Analysis,Reconstruction,641259072,632.0700073,4.380000114,401
T5Run201 Project Analysis,Minimum Maintenance (B),0,-9999.990234,14.75,402
T5Run202 Project Analysis,Reconstruction,599560384,592.7600098,4.380000114,403
T5Run202 Project Analysis,Minimum Maintenance (B),0,-9999.990234,14.75,404
T5Run203 Project Analysis,Reconstruction,487275776,484.8599854,4.380000114,405
T5Run203 Project Analysis,Minimum Maintenance (B),0,-9999.990234,14.76000023,406
T5Run204 Project Analysis,Reconstruction,1858161536,-9999.990234,4.900000095,407
T5Run204 Project Analysis,Minimum Maintenance (B),0,-9999.990234,15.18999958,408
T5Run205 Project Analysis,Reconstruction,1843413760,-9999.990234,4.900000095,409
T5Run205 Project Analysis,Minimum Maintenance (B),0,-9999.990234,15.18999958,410
T5Run206 Project Analysis,Reconstruction,1853284992,-9999.990234,4.900000095,411
T5Run206 Project Analysis,Minimum Maintenance (B),0,-9999.990234,15.18999958,412
T5Run207 Project Analysis,Reconstruction,1789306240,-9999.990234,4.900000095,413
T5Run207 Project Analysis,Minimum Maintenance (B),0,-9999.990234,15.18999958,414
T5Run208 Project Analysis,Reconstruction,1630806912,-9999.990234,4.900000095,415
T5Run208 Project Analysis,Minimum Maintenance (B),0,-9999.990234,15.18999958,416
T5Run209 Project Analysis,Reconstruction,1526186624,-9999.990234,4.900000095,417
T5Run209 Project Analysis,Minimum Maintenance (B),0,-9999.990234,15.18999958,418
T5Run210 Project Analysis,Reconstruction,1245835520,-9999.990234,4.900000095,419
T5Run210 Project Analysis,Minimum Maintenance (B),0,-9999.990234,15.18999958,420
T5Run211 Project Analysis,Reconstruction,23006418,21.53000069,2.369999886,421
T5Run211 Project Analysis,Minimum Maintenance (B),0,-9999.990234,6.260000229,422
T5Run212 Project Analysis,Reconstruction,23731464,21.80999947,2.369999886,423
T5Run212 Project Analysis,Minimum Maintenance (B),0,-9999.990234,6.260000229,424
T5Run213 Project Analysis,Reconstruction,23313294,21.65999985,2.369999886,425
T5Run213 Project Analysis,Minimum Maintenance (B),0,-9999.990234,6.260000229,426
T5Run214 Project Analysis,Reconstruction,23820946,21.92000008,2.369999886,427
T5Run214 Project Analysis,Minimum Maintenance (B),0,-9999.990234,6.260000229,428
T5Run215 Project Analysis,Reconstruction,21345828,21.20000076,2.369999886,429
T5Run215 Project Analysis,Minimum Maintenance (B),0,-9999.990234,6.269999981,430
T5Run216 Project Analysis,Reconstruction,18820796,20.46999931,2.369999886,431
T5Run216 Project Analysis,Minimum Maintenance (B),0,-9999.990234,6.260000229,432
T5Run217 Project Analysis,Reconstruction,13214989,18.52000046,2.369999886,433
T5Run217 Project Analysis,Minimum Maintenance (B),0,-9999.990234,6.269999981,434
T5Run218 Project Analysis,Reconstruction,224693984,46.79999924,2.400000095,435
T5Run218 Project Analysis,Minimum Maintenance (B),0,-9999.990234,7.340000153,436
T5Run219 Project Analysis,Reconstruction,226789440,47.29000092,2.400000095,437
T5Run219 Project Analysis,Minimum Maintenance (B),0,-9999.990234,7.340000153,438
T5Run220 Project Analysis,Reconstruction,225572112,47.02999878,2.400000095,439
T5Run220 Project Analysis,Minimum Maintenance (B),0,-9999.990234,7.340000153,440
T5Run221 Project Analysis,Reconstruction,224747504,47.59000015,2.400000095,441
T5Run221 Project Analysis,Minimum Maintenance (B),0,-9999.990234,7.340000153,442
T5Run222 Project Analysis,Reconstruction,208607264,46.59999847,2.400000095,443
T5Run222 Project Analysis,Minimum Maintenance (B),0,-9999.990234,7.340000153,444
T5Run223 Project Analysis,Reconstruction,193387776,45.65999985,2.400000095,445
T5Run223 Project Analysis,Minimum Maintenance (B),0,-9999.990234,7.340000153,446
T5Run224 Project Analysis,Reconstruction,159600720,43.06000137,2.400000095,447
T5Run224 Project Analysis,Minimum Maintenance (B),0,-9999.990234,7.340000153,448
T5Run225 Project Analysis,Reconstruction,467340544,53.77000046,2.519999981,449
T5Run225 Project Analysis,Minimum Maintenance (B),0,-9999.990234,6.650000095,450
T5Run226 Project Analysis,Reconstruction,470018048,54.20999908,2.519999981,451
T5Run226 Project Analysis,Minimum Maintenance (B),0,-9999.990234,6.650000095,452
T5Run227 Project Analysis,Reconstruction,468682496,54,2.519999981,453
T5Run227 Project Analysis,Minimum Maintenance (B),0,-9999.990234,6.650000095,454
T5Run228 Project Analysis,Reconstruction,464455200,54.47999954,2.519999981,455
T5Run228 Project Analysis,Minimum Maintenance (B),0,-9999.990234,6.650000095,456
T5Run229 Project Analysis,Reconstruction,431045952,53.47999954,2.519999981,457
T5Run229 Project Analysis,Minimum Maintenance (B),0,-9999.990234,6.650000095,458
T5Run230 Project Analysis,Reconstruction,401949888,52.68000031,2.519999981,459
T5Run230 Project Analysis,Minimum Maintenance (B),0,-9999.990234,6.650000095,460
T5Run231 Project Analysis,Reconstruction,334812352,50.25999832,2.519999981,461
T5Run231 Project Analysis,Minimum Maintenance (B),0,-9999.990234,6.650000095,462
T5Run232 Project Analysis,Reconstruction,24234780,21.92000008,2.359999895,463
T5Run232 Project Analysis,Minimum Maintenance (B),0,-9999.990234,6.340000153,464
T5Run233 Project Analysis,Reconstruction,24957140,22.20999908,2.359999895,465
T5Run233 Project Analysis,Minimum Maintenance (B),0,-9999.990234,6.340000153,466
T5Run234 Project Analysis,Reconstruction,24541872,22.04000092,2.359999895,467
T5Run234 Project Analysis,Minimum Maintenance (B),0,-9999.990234,6.340000153,468
T5Run235 Project Analysis,Reconstruction,25038680,22.32999992,2.359999895,469
T5Run235 Project Analysis,Minimum Maintenance (B),0,-9999.990234,6.340000153,470
T5Run236 Project Analysis,Reconstruction,22468570,21.60000038,2.359999895,471
T5Run236 Project Analysis,Minimum Maintenance (B),0,-9999.990234,6.340000153,472
T5Run237 Project Analysis,Reconstruction,19871866,20.85000038,2.359999895,473
T5Run237 Project Analysis,Minimum Maintenance (B),0,-9999.990234,6.340000153,474
T5Run238 Project Analysis,Reconstruction,14097860,18.87999916,2.369999886,475
T5Run238 Project Analysis,Minimum Maintenance (B),0,-9999.990234,6.340000153,476
T5Run239 Project Analysis,Reconstruction,227635856,49.22999954,2.410000086,477
T5Run239 Project Analysis,Minimum Maintenance (B),0,-9999.990234,7.400000095,478
T5Run240 Project Analysis,Reconstruction,229876896,49.84000015,2.410000086,479
T5Run240 Project Analysis,Minimum Maintenance (B),0,-9999.990234,7.400000095,480
T5Run241 Project Analysis,Reconstruction,228603344,49.54999924,2.410000086,481
T5Run241 Project Analysis,Minimum Maintenance (B),0,-9999.990234,7.400000095,482
T5Run242 Project Analysis,Reconstruction,227984192,50.22999954,2.410000086,483
T5Run242 Project Analysis,Minimum Maintenance (B),0,-9999.990234,7.400000095,484
T5Run243 Project Analysis,Reconstruction,211703408,49.08000183,2.410000086,485
T5Run243 Project Analysis,Minimum Maintenance (B),0,-9999.990234,7.400000095,486
T5Run244 Project Analysis,Reconstruction,196529728,48.15999985,2.410000086,487
T5Run244 Project Analysis,Minimum Maintenance (B),0,-9999.990234,7.400000095,488
T5Run245 Project Analysis,Reconstruction,162488896,45.29000092,2.410000086,489
T5Run245 Project Analysis,Minimum Maintenance (B),0,-9999.990234,7.400000095,490
T5Run246 Project Analysis,Reconstruction,543705472,75.16000366,2.549999952,491
T5Run246 Project Analysis,Minimum Maintenance (B),0,-9999.990234,7.130000114,492
T5Run247 Project Analysis,Reconstruction,547891648,76.59999847,2.549999952,493
T5Run247 Project Analysis,Minimum Maintenance (B),0,-9999.990234,7.130000114,494
T5Run248 Project Analysis,Reconstruction,545942080,75.94999695,2.549999952,495
T5Run248 Project Analysis,Minimum Maintenance (B),0,-9999.990234,7.130000114,496
T5Run249 Project Analysis,Reconstruction,542910464,77.69999695,2.549999952,497
T5Run249 Project Analysis,Minimum Maintenance (B),0,-9999.990234,7.130000114,498
T5Run250 Project Analysis,Reconstruction,504630400,75.29000092,2.549999952,499
T5Run250 Project Analysis,Minimum Maintenance (B),0,-9999.990234,7.130000114,500
T5Run251 Project Analysis,Reconstruction,472416768,74.51999664,2.549999952,501
T5Run251 Project Analysis,Minimum Maintenance (B),0,-9999.990234,7.130000114,502
T5Run252 Project Analysis,Reconstruction,395563616,69.69000244,2.549999952,503
T5Run252 Project Analysis,Minimum Maintenance (B),0,-9999.990234,7.130000114,504
T5Run253 Project Analysis,Reconstruction,98922240,51.77999878,2.930000067,505
T5Run253 Project Analysis,Minimum Maintenance (B),0,-9999.990234,10.39999962,506
T5Run254 Project Analysis,Reconstruction,99865352,52.93000031,2.930000067,507
T5Run254 Project Analysis,Minimum Maintenance (B),0,-9999.990234,10.39999962,508
T5Run255 Project Analysis,Reconstruction,99219096,52.29000092,2.930000067,509
T5Run255 Project Analysis,Minimum Maintenance (B),0,-9999.990234,10.39999962,510
T5Run256 Project Analysis,Reconstruction,98612680,53.77999878,2.930000067,511
T5Run256 Project Analysis,Minimum Maintenance (B),0,-9999.990234,10.39999962,512
T5Run257 Project Analysis,Reconstruction,90864936,52.22999954,2.930000067,513
T5Run257 Project Analysis,Minimum Maintenance (B),0,-9999.990234,10.39999962,514
T5Run258 Project Analysis,Reconstruction,83089768,49.86999893,2.930000067,515
T5Run258 Project Analysis,Minimum Maintenance (B),0,-9999.990234,10.39999962,516
T5Run259 Project Analysis,Reconstruction,66555752,45.04000092,2.930000067,517
T5Run259 Project Analysis,Minimum Maintenance (B),0,-9999.990234,10.39999962,518
T5Run260 Project Analysis,Reconstruction,724799040,247.3699951,3.049999952,519
T5Run260 Project Analysis,Minimum Maintenance (B),0,-9999.990234,12.47000027,520
T5Run261 Project Analysis,Reconstruction,722502336,253.7400055,3.049999952,521
T5Run261 Project Analysis,Minimum Maintenance (B),0,-9999.990234,12.47000027,522
T5Run262 Project Analysis,Reconstruction,723758528,249.4199982,3.049999952,523
T5Run262 Project Analysis,Minimum Maintenance (B),0,-9999.990234,12.47000027,524
T5Run263 Project Analysis,Reconstruction,704968320,256.8999939,3.049999952,525
T5Run263 Project Analysis,Minimum Maintenance (B),0,-9999.990234,12.47000027,526
T5Run264 Project Analysis,Reconstruction,646563648,248.8200073,3.049999952,527
T5Run264 Project Analysis,Minimum Maintenance (B),0,-9999.990234,12.47999954,528
T5Run265 Project Analysis,Reconstruction,601732096,232.4199982,3.049999952,529
T5Run265 Project Analysis,Minimum Maintenance (B),0,-9999.990234,12.47999954,530
T5Run266 Project Analysis,Reconstruction,492750720,206.3899994,3.049999952,531
T5Run266 Project Analysis,Minimum Maintenance (B),0,-9999.990234,12.47999954,532
T5Run267 Project Analysis,Reconstruction,1863664640,548.4099731,3.190000057,533
T5Run267 Project Analysis,Minimum Maintenance (B),0,-9999.990234,12.56000042,534
T5Run268 Project Analysis,Reconstruction,1857254656,567.4199829,3.190000057,535
T5Run268 Project Analysis,Minimum Maintenance (B),0,-9999.990234,12.56000042,536
T5Run269 Project Analysis,Reconstruction,1860822400,554.7700195,3.190000057,537
T5Run269 Project Analysis,Minimum Maintenance (B),0,-9999.990234,12.56000042,538
T5Run270 Project Analysis,Reconstruction,1812097792,578.8699951,3.190000057,539
T5Run270 Project Analysis,Minimum Maintenance (B),0,-9999.990234,12.56000042,540
T5Run271 Project Analysis,Reconstruction,1663796224,562.2399902,3.190000057,541
T5Run271 Project Analysis,Minimum Maintenance (B),0,-9999.990234,12.56000042,542
T5Run272 Project Analysis,Reconstruction,1550483584,522.0800171,3.190000057,543
T5Run272 Project Analysis,Minimum Maintenance (B),0,-9999.990234,12.56000042,544
T5Run273 Project Analysis,Reconstruction,1275251968,463,3.190000057,545
T5Run273 Project Analysis,Minimum Maintenance (B),0,-9999.990234,12.56000042,546
T5Run274 Project Analysis,Reconstruction,164826560,98.37999725,3.539999962,547
T5Run274 Project Analysis,Minimum Maintenance (B),0,-9999.990234,12.93000031,548
T5Run275 Project Analysis,Reconstruction,164417392,99.41999817,3.539999962,549
T5Run275 Project Analysis,Minimum Maintenance (B),0,-9999.990234,12.93000031,550
T5Run276 Project Analysis,Reconstruction,164536656,98.5,3.539999962,551
T5Run276 Project Analysis,Minimum Maintenance (B),0,-9999.990234,12.93000031,552
T5Run277 Project Analysis,Reconstruction,160126720,98.75,3.539999962,553
T5Run277 Project Analysis,Minimum Maintenance (B),0,-9999.990234,12.93000031,554
T5Run278 Project Analysis,Reconstruction,146213456,94.77999878,3.539999962,555
T5Run278 Project Analysis,Minimum Maintenance (B),0,-9999.990234,12.93000031,556
T5Run279 Project Analysis,Reconstruction,134584832,87.58000183,3.539999962,557
T5Run279 Project Analysis,Minimum Maintenance (B),0,-9999.990234,12.93000031,558
T5Run280 Project Analysis,Reconstruction,107677160,76.16999817,3.539999962,559
T5Run280 Project Analysis,Minimum Maintenance (B),0,-9999.990234,12.93000031,560
T5Run281 Project Analysis,Reconstruction,898482752,748.3300171,4.03000021,561
T5Run281 Project Analysis,Minimum Maintenance (B),0,-9999.990234,14.35999966,562
T5Run282 Project Analysis,Reconstruction,891857664,746.2199707,4.03000021,563
T5Run282 Project Analysis,Minimum Maintenance (B),0,-9999.990234,14.36999989,564
T5Run283 Project Analysis,Reconstruction,896204800,747.0300293,4.03000021,565
T5Run283 Project Analysis,Minimum Maintenance (B),0,-9999.990234,14.35999966,566
T5Run284 Project Analysis,Reconstruction,865799552,727.3200073,4.03000021,567
T5Run284 Project Analysis,Minimum Maintenance (B),0,-9999.990234,14.36999989,568
T5Run285 Project Analysis,Reconstruction,788115648,663.4899902,4.039999962,569
T5Run285 Project Analysis,Minimum Maintenance (B),0,-9999.990234,14.36999989,570
T5Run286 Project Analysis,Reconstruction,737266560,623.75,4.039999962,571
T5Run286 Project Analysis,Minimum Maintenance (B),0,-9999.990234,14.36999989,572
T5Run287 Project Analysis,Reconstruction,600517952,514.8499756,4.039999962,573
T5Run287 Project Analysis,Minimum Maintenance (B),0,-9999.990234,14.36999989,574
T5Run288 Project Analysis,Reconstruction,2289139712,-9999.990234,5.039999962,575
T5Run288 Project Analysis,Minimum Maintenance (B),0,-9999.990234,15.28999996,576
T5Run289 Project Analysis,Reconstruction,2270883584,-9999.990234,5.039999962,577
T5Run289 Project Analysis,Minimum Maintenance (B),0,-9999.990234,15.28999996,578
T5Run290 Project Analysis,Reconstruction,2283104512,-9999.990234,5.039999962,579
T5Run290 Project Analysis,Minimum Maintenance (B),0,-9999.990234,15.28999996,580
T5Run291 Project Analysis,Reconstruction,2204266496,-9999.990234,5.039999962,581
T5Run291 Project Analysis,Minimum Maintenance (B),0,-9999.990234,15.28999996,582
T5Run292 Project Analysis,Reconstruction,2009473664,-9999.990234,5.039999962,583
T5Run292 Project Analysis,Minimum Maintenance (B),0,-9999.990234,15.28999996,584
T5Run293 Project Analysis,Reconstruction,1880729472,-9999.990234,5.039999962,585
T5Run293 Project Analysis,Minimum Maintenance (B),0,-9999.990234,15.28999996,586
T5Run294 Project Analysis,Reconstruction,1536166528,-9999.990234,5.039999962,587
T5Run294 Project Analysis,Minimum Maintenance (B),0,-9999.990234,15.28999996,588
T5Run295 Project Analysis,Reconstruction,191264608,138.5299988,4.039999962,589
T5Run295 Project Analysis,Minimum Maintenance (B),0,-9999.990234,14.02000046,590
T5Run296 Project Analysis,Reconstruction,190200512,138.8300018,4.039999962,591
T5Run296 Project Analysis,Minimum Maintenance (B),0,-9999.990234,14.02000046,592
T5Run297 Project Analysis,Reconstruction,190811680,138.3999939,4.039999962,593
T5Run297 Project Analysis,Minimum Maintenance (B),0,-9999.990234,14.02000046,594
T5Run298 Project Analysis,Reconstruction,184726240,136.6199951,4.039999962,595
T5Run298 Project Analysis,Minimum Maintenance (B),0,-9999.990234,14.02000046,596
T5Run299 Project Analysis,Reconstruction,167634432,128.1300049,4.050000191,597
T5Run299 Project Analysis,Minimum Maintenance (B),0,-9999.990234,14.02000046,598
T5Run300 Project Analysis,Reconstruction,155475184,119.3799973,4.050000191,599
T5Run300 Project Analysis,Minimum Maintenance (B),0,-9999.990234,14.02000046,600
T5Run301 Project Analysis,Reconstruction,124180744,100.5899963,4.050000191,601
T5Run301 Project Analysis,Minimum Maintenance (B),0,-9999.990234,14.02000046,602
T5Run302 Project Analysis,Reconstruction,906231104,802.4500122,4.409999847,603
T5Run302 Project Analysis,Minimum Maintenance (B),0,-9999.990234,14.77999973,604
T5Run303 Project Analysis,Reconstruction,899056128,796.4899902,4.409999847,605
T5Run303 Project Analysis,Minimum Maintenance (B),0,-9999.990234,14.77999973,606
T5Run304 Project Analysis,Reconstruction,903854720,800.4500122,4.409999847,607
T5Run304 Project Analysis,Minimum Maintenance (B),0,-9999.990234,14.77999973,608
T5Run305 Project Analysis,Reconstruction,872440896,773.5499878,4.409999847,609
T5Run305 Project Analysis,Minimum Maintenance (B),0,-9999.990234,14.77999973,610
T5Run306 Project Analysis,Reconstruction,794242112,705.6300049,4.409999847,611
T5Run306 Project Analysis,Minimum Maintenance (B),0,-9999.990234,14.78999996,612
T5Run307 Project Analysis,Reconstruction,742734208,661.0300293,4.409999847,613
T5Run307 Project Analysis,Minimum Maintenance (B),0,-9999.990234,14.77999973,614
T5Run308 Project Analysis,Minimum Maintenance (B),0,-9999.990234,14.78999996,615
T5Run308 Project Analysis,Reseal,228284896,192.0399933,12.65999985,616
T5Run309 Project Analysis,Reconstruction,2289135616,-9999.990234,4.960000038,617
T5Run309 Project Analysis,Minimum Maintenance (B),0,-9999.990234,15.19999981,618
T5Run310 Project Analysis,Reconstruction,2270879488,-9999.990234,4.960000038,619
T5Run310 Project Analysis,Minimum Maintenance (B),0,-9999.990234,15.19999981,620
T5Run311 Project Analysis,Reconstruction,2283100672,-9999.990234,4.960000038,621
T5Run311 Project Analysis,Minimum Maintenance (B),0,-9999.990234,15.19999981,622
T5Run312 Project Analysis,Reconstruction,2204262400,-9999.990234,4.960000038,623
T5Run312 Project Analysis,Minimum Maintenance (B),0,-9999.990234,15.19999981,624
T5Run313 Project Analysis,Reconstruction,2009469440,-9999.990234,4.960000038,625
T5Run313 Project Analysis,Minimum Maintenance (B),0,-9999.990234,15.21000004,626
T5Run314 Project Analysis,Reconstruction,1880725376,-9999.990234,4.960000038,627
T5Run314 Project Analysis,Minimum Maintenance (B),0,-9999.990234,15.21000004,628
T5Run315 Project Analysis,Reconstruction,1536162432,-9999.990234,4.960000038,629
T5Run315 Project Analysis,Minimum Maintenance (B),0,-9999.990234,15.21000004,630
T5Run316 Project Analysis,Reconstruction,52987256,27.87000084,2.369999886,631
T5Run316 Project Analysis,Minimum Maintenance (B),0,-9999.990234,6.880000114,632
T5Run317 Project Analysis,Reconstruction,53713864,28.11000061,2.369999886,633
T5Run317 Project Analysis,Minimum Maintenance (B),0,-9999.990234,6.880000114,634
T5Run318 Project Analysis,Reconstruction,53292620,27.96999931,2.369999886,635
T5Run318 Project Analysis,Minimum Maintenance (B),0,-9999.990234,6.880000114,636
T5Run319 Project Analysis,Reconstruction,53193104,28.18000031,2.369999886,637
T5Run319 Project Analysis,Minimum Maintenance (B),0,-9999.990234,6.880000114,638
T5Run320 Project Analysis,Reconstruction,48399996,27.36000061,2.369999886,639
T5Run320 Project Analysis,Minimum Maintenance (B),0,-9999.990234,6.880000114,640
T5Run321 Project Analysis,Reconstruction,44137664,26.61000061,2.369999886,641
T5Run321 Project Analysis,Minimum Maintenance (B),0,-9999.990234,6.880000114,642
T5Run322 Project Analysis,Reconstruction,34150532,24.52000046,2.369999886,643
T5Run322 Project Analysis,Minimum Maintenance (B),0,-9999.990234,6.880000114,644
T5Run323 Project Analysis,Reconstruction,383657696,55.63999939,2.410000086,645
T5Run323 Project Analysis,Minimum Maintenance (B),0,-9999.990234,7.980000019,646
T5Run324 Project Analysis,Reconstruction,385008928,56.11999893,2.410000086,647
T5Run324 Project Analysis,Minimum Maintenance (B),0,-9999.990234,7.980000019,648
T5Run325 Project Analysis,Reconstruction,384301920,55.86999893,2.410000086,649
T5Run325 Project Analysis,Minimum Maintenance (B),0,-9999.990234,7.980000019,650
T5Run326 Project Analysis,Reconstruction,378909568,56.36999893,2.410000086,651
T5Run326 Project Analysis,Minimum Maintenance (B),0,-9999.990234,7.980000019,652
T5Run327 Project Analysis,Reconstruction,350047328,55.22000122,2.410000086,653
T5Run327 Project Analysis,Minimum Maintenance (B),0,-9999.990234,7.980000019,654
T5Run328 Project Analysis,Reconstruction,325661472,54.15000153,2.410000086,655
T5Run328 Project Analysis,Minimum Maintenance (B),0,-9999.990234,7.980000019,656
T5Run329 Project Analysis,Reconstruction,268397456,51.20000076,2.410000086,657
T5Run329 Project Analysis,Minimum Maintenance (B),0,-9999.990234,7.980000019,658
T5Run330 Project Analysis,Reconstruction,753751936,60.75,2.559999943,659
T5Run330 Project Analysis,Minimum Maintenance (B),0,-9999.990234,7.039999962,660
T5Run331 Project Analysis,Reconstruction,755035200,61.15999985,2.559999943,661
T5Run331 Project Analysis,Minimum Maintenance (B),0,-9999.990234,7.039999962,662
T5Run332 Project Analysis,Reconstruction,754704064,60.97000122,2.559999943,663
T5Run332 Project Analysis,Minimum Maintenance (B),0,-9999.990234,7.039999962,664
T5Run333 Project Analysis,Reconstruction,742512256,61.38999939,2.559999943,665
T5Run333 Project Analysis,Minimum Maintenance (B),0,-9999.990234,7.039999962,666
T5Run334 Project Analysis,Reconstruction,685851328,60.27000046,2.559999943,667
T5Run334 Project Analysis,Minimum Maintenance (B),0,-9999.990234,7.039999962,668
T5Run335 Project Analysis,Reconstruction,640476544,59.41999817,2.559999943,669
T5Run335 Project Analysis,Minimum Maintenance (B),0,-9999.990234,7.039999962,670
T5Run336 Project Analysis,Reconstruction,531767392,56.79000092,2.559999943,671
T5Run336 Project Analysis,Minimum Maintenance (B),0,-9999.990234,7.039999962,672
T5Run337 Project Analysis,Reconstruction,54365480,28.18000031,2.369999886,673
T5Run337 Project Analysis,Minimum Maintenance (B),0,-9999.990234,6.940000057,674
T5Run338 Project Analysis,Reconstruction,55099516,28.44000053,2.369999886,675
T5Run338 Project Analysis,Minimum Maintenance (B),0,-9999.990234,6.940000057,676
T5Run339 Project Analysis,Reconstruction,54673628,28.29999924,2.369999886,677
T5Run339 Project Analysis,Minimum Maintenance (B),0,-9999.990234,6.940000057,678
T5Run340 Project Analysis,Reconstruction,54548372,28.51000023,2.369999886,679
T5Run340 Project Analysis,Minimum Maintenance (B),0,-9999.990234,6.940000057,680
T5Run341 Project Analysis,Reconstruction,49659860,27.67000008,2.369999886,681
T5Run341 Project Analysis,Minimum Maintenance (B),0,-9999.990234,6.940000057,682
T5Run342 Project Analysis,Reconstruction,45323944,26.90999985,2.369999886,683
T5Run342 Project Analysis,Minimum Maintenance (B),0,-9999.990234,6.940000057,684
T5Run343 Project Analysis,Reconstruction,35123536,24.79999924,2.369999886,685
T5Run343 Project Analysis,Minimum Maintenance (B),0,-9999.990234,6.940000057,686
T5Run344 Project Analysis,Reconstruction,383239392,58.61999893,2.430000067,687
T5Run344 Project Analysis,Minimum Maintenance (B),0,-9999.990234,8.010000229,688
T5Run345 Project Analysis,Reconstruction,384898144,59.27000046,2.430000067,689
T5Run345 Project Analysis,Minimum Maintenance (B),0,-9999.990234,8.010000229,690
T5Run346 Project Analysis,Reconstruction,384033728,58.93999863,2.430000067,691
T5Run346 Project Analysis,Minimum Maintenance (B),0,-9999.990234,8.010000229,692
T5Run347 Project Analysis,Reconstruction,379108736,59.65999985,2.430000067,693
T5Run347 Project Analysis,Minimum Maintenance (B),0,-9999.990234,8.010000229,694
T5Run348 Project Analysis,Reconstruction,350405120,58.29999924,2.430000067,695
T5Run348 Project Analysis,Minimum Maintenance (B),0,-9999.990234,8.010000229,696
T5Run349 Project Analysis,Reconstruction,326488480,57.27000046,2.430000067,697
T5Run349 Project Analysis,Minimum Maintenance (B),0,-9999.990234,8.010000229,698
T5Run350 Project Analysis,Reconstruction,269448768,53.95000076,2.430000067,699
T5Run350 Project Analysis,Minimum Maintenance (B),0,-9999.990234,8.010000229,700
T5Run351 Project Analysis,Reconstruction,794026496,68.56999969,2.569999933,701
T5Run351 Project Analysis,Minimum Maintenance (B),0,-9999.990234,7.25,702
T5Run352 Project Analysis,Reconstruction,796283584,69.33000183,2.569999933,703
T5Run352 Project Analysis,Minimum Maintenance (B),0,-9999.990234,7.25,704
T5Run353 Project Analysis,Reconstruction,795556544,68.98000336,2.569999933,705
T5Run353 Project Analysis,Minimum Maintenance (B),0,-9999.990234,7.25,706
T5Run354 Project Analysis,Reconstruction,784413120,69.84999847,2.569999933,707
T5Run354 Project Analysis,Minimum Maintenance (B),0,-9999.990234,7.25,708
T5Run355 Project Analysis,Reconstruction,725150784,68.30999756,2.569999933,709
T5Run355 Project Analysis,Minimum Maintenance (B),0,-9999.990234,7.25,710
T5Run356 Project Analysis,Reconstruction,678244608,67.48999786,2.569999933,711
T5Run356 Project Analysis,Minimum Maintenance (B),0,-9999.990234,7.25,712
T5Run357 Project Analysis,Reconstruction,564609600,64.11000061,2.569999933,713
T5Run357 Project Analysis,Minimum Maintenance (B),0,-9999.990234,7.25,714
T5Run358 Project Analysis,Reconstruction,143406656,59.90000153,2.930000067,715
T5Run358 Project Analysis,Minimum Maintenance (B),0,-9999.990234,10.65999985,716
T5Run359 Project Analysis,Reconstruction,144199680,61.15999985,2.930000067,717
T5Run359 Project Analysis,Minimum Maintenance (B),0,-9999.990234,10.65999985,718
T5Run360 Project Analysis,Reconstruction,143629584,60.45000076,2.930000067,719
T5Run360 Project Analysis,Minimum Maintenance (B),0,-9999.990234,10.65999985,720
T5Run361 Project Analysis,Reconstruction,141873344,62.06000137,2.930000067,721
T5Run361 Project Analysis,Minimum Maintenance (B),0,-9999.990234,10.65999985,722
T5Run362 Project Analysis,Reconstruction,130623328,60.33000183,2.930000067,723
T5Run362 Project Analysis,Minimum Maintenance (B),0,-9999.990234,10.65999985,724
T5Run363 Project Analysis,Reconstruction,120136144,57.68999863,2.930000067,725
T5Run363 Project Analysis,Minimum Maintenance (B),0,-9999.990234,10.65999985,726
T5Run364 Project Analysis,Reconstruction,97059264,52.34000015,2.930000067,727
T5Run364 Project Analysis,Minimum Maintenance (B),0,-9999.990234,10.65999985,728
T5Run365 Project Analysis,Reconstruction,942913216,290.25,3.069999933,729
T5Run365 Project Analysis,Minimum Maintenance (B),0,-9999.990234,12.60000038,730
T5Run366 Project Analysis,Reconstruction,939093952,297.2600098,3.069999933,731
T5Run366 Project Analysis,Minimum Maintenance (B),0,-9999.990234,12.60000038,732
T5Run367 Project Analysis,Reconstruction,941301440,292.3299866,3.069999933,733
T5Run367 Project Analysis,Minimum Maintenance (B),0,-9999.990234,12.60000038,734
T5Run368 Project Analysis,Reconstruction,915107776,300.1000061,3.069999933,735
T5Run368 Project Analysis,Minimum Maintenance (B),0,-9999.990234,12.60000038,736
T5Run369 Project Analysis,Reconstruction,838460224,290.4400024,3.069999933,737
T5Run369 Project Analysis,Minimum Maintenance (B),0,-9999.990234,12.60000038,738
T5Run370 Project Analysis,Reconstruction,781508928,270.5899963,3.069999933,739
T5Run370 Project Analysis,Minimum Maintenance (B),0,-9999.990234,12.60000038,740
T5Run371 Project Analysis,Reconstruction,639870144,239.6100006,3.069999933,741
T5Run371 Project Analysis,Minimum Maintenance (B),0,-9999.990234,12.60000038,742
T5Run372 Project Analysis,Reconstruction,2413341440,655.8599854,3.230000019,743
T5Run372 Project Analysis,Minimum Maintenance (B),0,-9999.990234,12.68000031,744
T5Run373 Project Analysis,Reconstruction,2402251520,676.6900024,3.230000019,745
T5Run373 Project Analysis,Minimum Maintenance (B),0,-9999.990234,12.68000031,746
T5Run374 Project Analysis,Reconstruction,2409006080,662.1599731,3.230000019,747
T5Run374 Project Analysis,Minimum Maintenance (B),0,-9999.990234,12.68000031,748
T5Run375 Project Analysis,Reconstruction,2340515840,687.1699829,3.230000019,749
T5Run375 Project Analysis,Minimum Maintenance (B),0,-9999.990234,12.68000031,750
T5Run376 Project Analysis,Reconstruction,2146970624,666.8499756,3.230000019,751
T5Run376 Project Analysis,Minimum Maintenance (B),0,-9999.990234,12.68999958,752
T5Run377 Project Analysis,Reconstruction,2002923392,616.1099854,3.230000019,753
T5Run377 Project Analysis,Minimum Maintenance (B),0,-9999.990234,12.68000031,754
T5Run378 Project Analysis,Reconstruction,1644730368,544.2299805,3.230000019,755
T5Run378 Project Analysis,Minimum Maintenance (B),0,-9999.990234,12.68999958,756
T5Run379 Project Analysis,Reconstruction,216468800,111.4199982,3.539999962,757
T5Run379 Project Analysis,Minimum Maintenance (B),0,-9999.990234,13.01000023,758
T5Run380 Project Analysis,Reconstruction,215662352,112.5400009,3.539999962,759
T5Run380 Project Analysis,Minimum Maintenance (B),0,-9999.990234,13.01000023,760
T5Run381 Project Analysis,Reconstruction,216044256,111.5500031,3.539999962,761
T5Run381 Project Analysis,Minimum Maintenance (B),0,-9999.990234,13.01000023,762
T5Run382 Project Analysis,Reconstruction,210013040,111.7600021,3.539999962,763
T5Run382 Project Analysis,Minimum Maintenance (B),0,-9999.990234,13.01000023,764
T5Run383 Project Analysis,Reconstruction,191786144,107.2799988,3.539999962,765
T5Run383 Project Analysis,Minimum Maintenance (B),0,-9999.990234,13.01000023,766
T5Run384 Project Analysis,Reconstruction,177178736,99.22000122,3.539999962,767
T5Run384 Project Analysis,Minimum Maintenance (B),0,-9999.990234,13.01000023,768
T5Run385 Project Analysis,Reconstruction,142598016,86.45999908,3.539999962,769
T5Run385 Project Analysis,Minimum Maintenance (B),0,-9999.990234,13.01000023,770
T5Run386 Project Analysis,Reconstruction,1116955904,843.2000122,4.079999924,771
T5Run386 Project Analysis,Minimum Maintenance (B),0,-9999.990234,14.39999962,772
T5Run387 Project Analysis,Reconstruction,1108620416,840.5,4.079999924,773
T5Run387 Project Analysis,Minimum Maintenance (B),0,-9999.990234,14.39999962,774
T5Run388 Project Analysis,Reconstruction,1114118912,841.7399902,4.079999924,775
T5Run388 Project Analysis,Minimum Maintenance (B),0,-9999.990234,14.39999962,776
T5Run389 Project Analysis,Reconstruction,1075971072,816.8699951,4.079999924,777
T5Run389 Project Analysis,Minimum Maintenance (B),0,-9999.990234,14.39999962,778
T5Run390 Project Analysis,Reconstruction,979949184,745.7800293,4.079999924,779
T5Run390 Project Analysis,Minimum Maintenance (B),0,-9999.990234,14.39999962,780
T5Run391 Project Analysis,Reconstruction,917043456,701.6799927,4.079999924,781
T5Run391 Project Analysis,Minimum Maintenance (B),0,-9999.990234,14.39999962,782
T5Run392 Project Analysis,Reconstruction,747464576,577.3400269,4.079999924,783
T5Run392 Project Analysis,Minimum Maintenance (B),0,-9999.990234,14.40999985,784
T5Run393 Project Analysis,Reconstruction,2828262144,-9999.990234,5.090000153,785
T5Run393 Project Analysis,Minimum Maintenance (B),0,-9999.990234,15.30000019,786
T5Run394 Project Analysis,Reconstruction,2805597952,-9999.990234,5.090000153,787
T5Run394 Project Analysis,Minimum Maintenance (B),0,-9999.990234,15.30000019,788
T5Run395 Project Analysis,Reconstruction,2820769024,-9999.990234,5.090000153,789
T5Run395 Project Analysis,Minimum Maintenance (B),0,-9999.990234,15.30000019,790
T5Run396 Project Analysis,Reconstruction,2723307520,-9999.990234,5.090000153,791
T5Run396 Project Analysis,Minimum Maintenance (B),0,-9999.990234,15.30000019,792
T5Run397 Project Analysis,Reconstruction,2483101952,-9999.990234,5.090000153,793
T5Run397 Project Analysis,Minimum Maintenance (B),0,-9999.990234,15.30000019,794
T5Run398 Project Analysis,Reconstruction,2324153088,-9999.990234,5.090000153,795
T5Run398 Project Analysis,Minimum Maintenance (B),0,-9999.990234,15.30000019,796
T5Run399 Project Analysis,Reconstruction,1899243008,-9999.990234,5.090000153,797
T5Run399 Project Analysis,Minimum Maintenance (B),0,-9999.990234,15.30000019,798
T5Run400 Project Analysis,Reconstruction,244704688,155.6799927,4.050000191,799
T5Run400 Project Analysis,Minimum Maintenance (B),0,-9999.990234,14.06000042,800
T5Run401 Project Analysis,Reconstruction,243203088,155.9600067,4.050000191,801
T5Run401 Project Analysis,Minimum Maintenance (B),0,-9999.990234,14.06000042,802
T5Run402 Project Analysis,Reconstruction,244123360,155.5299988,4.050000191,803
T5Run402 Project Analysis,Minimum Maintenance (B),0,-9999.990234,14.06000042,804
T5Run403 Project Analysis,Reconstruction,236266880,153.5,4.050000191,805
T5Run403 Project Analysis,Minimum Maintenance (B),0,-9999.990234,14.06000042,806
T5Run404 Project Analysis,Reconstruction,214656176,143.9299927,4.050000191,807
T5Run404 Project Analysis,Minimum Maintenance (B),0,-9999.990234,14.06000042,808
T5Run405 Project Analysis,Reconstruction,199512368,134.2799988,4.050000191,809
T5Run405 Project Analysis,Minimum Maintenance (B),0,-9999.990234,14.06000042,810
T5Run406 Project Analysis,Reconstruction,160252160,113.3199997,4.050000191,811
T5Run406 Project Analysis,Minimum Maintenance (B),0,-9999.990234,14.06000042,812
T5Run407 Project Analysis,Reconstruction,1123302656,888.0700073,4.440000057,813
T5Run407 Project Analysis,Minimum Maintenance (B),0,-9999.990234,14.80000019,814
T5Run408 Project Analysis,Reconstruction,1114407168,881.3900146,4.440000057,815
T5Run408 Project Analysis,Minimum Maintenance (B),0,-9999.990234,14.80000019,816
T5Run409 Project Analysis,Reconstruction,1120359168,885.8499756,4.440000057,817
T5Run409 Project Analysis,Minimum Maintenance (B),0,-9999.990234,14.80000019,818
T5Run410 Project Analysis,Reconstruction,1081528192,856.0200195,4.440000057,819
T5Run410 Project Analysis,Minimum Maintenance (B),0,-9999.990234,14.80000019,820
T5Run411 Project Analysis,Reconstruction,984999296,780.9699707,4.440000057,821
T5Run411 Project Analysis,Minimum Maintenance (B),0,-9999.990234,14.81000042,822
T5Run412 Project Analysis,Reconstruction,921415360,731.9099731,4.440000057,823
T5Run412 Project Analysis,Minimum Maintenance (B),0,-9999.990234,14.80000019,824
T5Run413 Project Analysis,Reconstruction,750742080,599.3800049,4.449999809,825
T5Run413 Project Analysis,Minimum Maintenance (B),0,-9999.990234,14.81000042,826
T5Run414 Project Analysis,Reconstruction,2828257280,-9999.990234,5,827
T5Run414 Project Analysis,Minimum Maintenance (B),0,-9999.990234,15.22000027,828
T5Run415 Project Analysis,Reconstruction,2805592576,-9999.990234,5,829
T5Run415 Project Analysis,Minimum Maintenance (B),0,-9999.990234,15.22000027,830
T5Run416 Project Analysis,Reconstruction,2820763904,-9999.990234,5,831
T5Run416 Project Analysis,Minimum Maintenance (B),0,-9999.990234,15.22000027,832
T5Run417 Project Analysis,Reconstruction,2723302400,-9999.990234,5.010000229,833
T5Run417 Project Analysis,Minimum Maintenance (B),0,-9999.990234,15.22000027,834
T5Run418 Project Analysis,Reconstruction,2483096320,-9999.990234,5.010000229,835
T5Run418 Project Analysis,Minimum Maintenance (B),0,-9999.990234,15.22000027,836
T5Run419 Project Analysis,Reconstruction,2324147968,-9999.990234,5.010000229,837
T5Run419 Project Analysis,Minimum Maintenance (B),0,-9999.990234,15.22000027,838
T5Run420 Project Analysis,Reconstruction,1899237632,-9999.990234,5.010000229,839
T5Run420 Project Analysis,Minimum Maintenance (B),0,-9999.990234,15.22000027,840
